a,b,g,u,question_id
1.24639147849378,-1.3270786011051756,0.0,1.0,2222026
0.23450899522297303,-0.6715574993620488,0.0,1.0,2274632
0.6943334354615702,-0.25605600074732,0.0,1.0,2274629
0.1855536648300534,1.0235938122613333,0.0,1.0,2134520
0.44676476856496866,0.16442965441299917,0.0,1.0,2274631
0.14082056829557735,-7.983476717695812,0.0,1.0,2274630
0.7486984684307791,0.502344622264469,0.0,1.0,2305465
0.7296938726491866,-0.7595664018505223,0.0,1.0,2358100
0.19549316739024725,-5.402132972000114,0.0,1.0,2305466
0.5399176682493584,-2.3989579678585113,0.0,1.0,2517258
0.7158143225409596,-1.06317965861747,0.0,1.0,2354991
0.055499385625042266,-21.343580829324306,0.0,1.0,2462717
0.593554617576914,-1.123540404702485,0.0,1.0,2465942
0.2649851729534475,-3.3085252568797925,0.0,1.0,2354992
0.9205487233372006,-1.1304500069888437,0.0,1.0,1972115
1.8728400403139966,-0.9614740787593437,0.0,1.0,2358098
0.7625741352362146,1.468689159813687,0.0,1.0,2358097
0.4034020336051608,-0.7286606875689872,0.0,1.0,2391927
1.084520386369804,-0.5987054666127195,0.0,1.0,2286238
0.6601999290042598,-2.0553188422629036,0.0,1.0,2462716
0.33188751774767905,-3.306699319577085,0.0,1.0,2491229
0.08004940590602341,-11.214889715950283,0.0,1.0,2491227
0.7523309573454793,-0.42793282598441923,0.0,1.0,2491225
1.0227642937176624,-1.294172774137096,0.0,1.0,2391926
0.7276770721881878,-1.5520912227503783,0.0,1.0,2491228
0.9589059787089588,0.3161016635159801,0.0,1.0,2371302
0.47852559701308556,4.058231865449423,0.0,1.0,2391925
0.13511463360978457,-8.654298363501368,0.0,1.0,2391924
0.26051446232968334,-1.648768294443489,0.0,1.0,2391921
0.43879830632004013,-0.5028237428464737,0.0,1.0,2391922
0.9439022342734429,1.292052077522294,0.0,1.0,1898719
0.8181512175325225,-1.2212354343152159,0.0,1.0,2558997
0.43114185810359407,1.0056183212773835,0.0,1.0,2391902
0.7552401226801942,2.0723460077534237,0.0,1.0,2111565
0.4225740808225666,-0.29745176781854166,0.0,1.0,1907638
0.7676285568570475,-1.0553415161273603,0.0,1.0,2391919
0.39965933999808395,1.3780049068177713,0.0,1.0,2276105
0.18423867411465472,3.1777517249883123,0.0,1.0,2179419
0.9624510647440068,-0.8552136759298458,0.0,1.0,1878585
0.6508875445786468,-0.3198560892531456,0.0,1.0,2111567
0.5590197764796256,-0.3628535219676063,0.0,1.0,1871712
0.5968364122282122,-1.5150010647843435,0.0,1.0,1866188
0.698030977509288,-1.3519651430628452,0.0,1.0,1676182
1.0225709027749244,-1.3898145133445228,0.0,1.0,2447427
1.0390271201037526,-1.3152533220946223,0.0,1.0,2375003
0.26459847312996654,-3.998819314088806,0.0,1.0,2375019
0.8105240529582839,-1.6217177359993606,0.0,1.0,1142082
0.2936934918732712,-4.102703307874416,0.0,1.0,1678427
0.6071506999188676,0.1305801118617136,0.0,1.0,1803663
0.9511644763519321,-0.04945634813738755,0.0,1.0,1871711
0.5367093607419466,-2.3367286954198456,0.0,1.0,1676179
1.2905354947397636,-1.1729756539091793,0.0,1.0,1676178
0.43488782458147324,-1.6478752757582704,0.0,1.0,3020407
0.4383198003061863,0.165139059013351,0.0,1.0,1615323
0.9242194206039483,0.45245397620890093,0.0,1.0,1617530
0.8446629704741644,0.005042042315177102,0.0,1.0,1142092
0.2533967669995818,-1.4832012610966434,0.0,1.0,2405403
0.5814808605175275,-0.34173433927321,0.0,1.0,1950165
1.2573619484887193,-0.4330617774470678,0.0,1.0,2179237
0.6536619726522388,1.787039994027898,0.0,1.0,928336
0.18139674324646232,-4.431341778916722,0.0,1.0,912406
0.22591628207240913,-4.875562787332565,0.0,1.0,955114
0.4561362857274325,2.201769143587166,0.0,1.0,982121
0.45255847335500277,-1.337196139696284,0.0,1.0,1950192
0.7099374508915957,-1.8907902737107527,0.0,1.0,955125
1.338058677483546,-0.5701945244503451,0.0,1.0,2240521
0.4970225419075865,-0.47996960043954845,0.0,1.0,982123
1.0575443016840156,-0.8155560801796944,0.0,1.0,912671
0.673554657695192,-0.42523264502344005,0.0,1.0,1950164
0.5072249394152905,-1.0537326962479767,0.0,1.0,1950193
1.0281913560723297,-0.8521930757365513,0.0,1.0,955110
0.15591581250358147,-6.602357555759488,0.0,1.0,955111
1.017259696684004,-0.5792867595469817,0.0,1.0,2240520
1.5899827442533987,-1.0385964070507843,0.0,1.0,912402
1.1052120852335823,-0.8904760561101038,0.0,1.0,2240519
0.6295559223804018,0.5782282452461983,0.0,1.0,2614440
0.8205039987214268,-1.076051534546475,0.0,1.0,912403
0.6345167640981351,-0.6471605760507797,0.0,1.0,3007221
0.3288954412897333,-3.5720235687159607,0.0,1.0,982115
0.8936750667470919,-1.5174430270962156,0.0,1.0,911105
0.6785252587960083,0.6855606880694919,0.0,1.0,1875456
1.1567393300961797,-0.9855362403108171,0.0,1.0,2166776
0.36156055240174834,-1.9426312810223585,0.0,1.0,912407
0.3931685799882643,-1.0436904804285774,0.0,1.0,893839
0.5247526047471934,1.4149827045973296,0.0,1.0,1186791
1.2423065962264566,-0.36283498120679925,0.0,1.0,1236632
0.6850310233496518,-1.184866191934297,0.0,1.0,2265639
1.1979141344994484,-0.4978075841451859,0.0,1.0,2574238
0.9984587284129826,-1.1698386359199806,0.0,1.0,2210978
0.8833475061291199,2.0275741468919235,0.0,1.0,901403
0.7743543075305861,-0.24707475594487088,0.0,1.0,1992445
0.3723804047512035,3.900421885077804,0.0,1.0,1865852
0.2056216967182806,0.09048528002996524,0.0,1.0,2323092
0.8015105761168286,-1.425480156362565,0.0,1.0,2574243
0.1868777115363641,-4.78550307460771,0.0,1.0,1695539
0.4532957096221088,2.4389524463407923,0.0,1.0,893232
0.9597053277015863,-0.9676281676792011,0.0,1.0,893836
0.9548985948562279,0.517819567725098,0.0,1.0,901405
0.8273269645914036,-1.295899122939623,0.0,1.0,2574219
0.8660011987621747,-1.6419802647648307,0.0,1.0,893234
0.6509851994055458,1.5387617977684989,0.0,1.0,2289811
0.8954973756146888,-0.5401828349850519,0.0,1.0,743198
0.1581814021140463,8.564352172325625,0.0,1.0,1982123
0.032595800202562995,-25.53947855518517,0.0,1.0,768751
0.6849511280307897,0.9503948156774272,0.0,1.0,768750
0.47856774251792933,0.16980744985142837,0.0,1.0,2066727
0.7432978916531371,2.5978335558443777,0.0,1.0,2325793
0.7680893145328628,-0.7530267366035969,0.0,1.0,2265792
0.0007846851854521258,-995.4900225597547,0.0,1.0,2243979
1.223465718180729,1.0109556357896594,0.0,1.0,2210979
0.8656041464729178,-1.206158181418215,0.0,1.0,2362522
1.4287206590476418,-0.2800857266641313,0.0,1.0,1934388
1.1593973372283206,-0.8444894583495042,0.0,1.0,2362524
1.0359408465042232,-0.9007243066917001,0.0,1.0,2362523
0.8497555400087391,-0.05233513461510164,0.0,1.0,2323088
0.4342624765627366,-2.3813999614445525,0.0,1.0,2243978
1.0322265962166484,0.4889752681280156,0.0,1.0,768714
0.6071770358030609,0.07956255105260575,0.0,1.0,1933112
0.7760127204167679,2.8852355974234016,0.0,1.0,2244032
0.7775335814833062,-0.24656847071942514,0.0,1.0,677625
0.4405407951415338,-2.014460335784718,0.0,1.0,768713
0.3387908744436007,-3.360482185568935,0.0,1.0,869385
0.4203419838429195,0.4335317172833425,0.0,1.0,2362521
0.8619665426224706,-0.5664210821773058,0.0,1.0,2105794
0.6275376577217049,-1.6194154156369234,0.0,1.0,2388484
0.8856159198973831,-1.5214204675552132,0.0,1.0,2244031
0.12616581904263868,4.653628551706253,0.0,1.0,571535
0.7983371586828496,-0.8952364616335412,0.0,1.0,1909812
0.0030466536328625643,-179.30699079659072,0.0,1.0,2248102
0.6848061721569481,-0.8880958854848339,0.0,1.0,2366050
0.7343871512609568,-0.5192583699838739,0.0,1.0,2066726
1.0377697273830404,0.8800612623660471,0.0,1.0,2375696
0.2156078092003091,-1.6094777390299186,0.0,1.0,571532
0.4171079051233316,-0.4925260688566196,0.0,1.0,2042578
0.8259664311336861,1.618626681346038,0.0,1.0,1061929
0.437550087830065,-3.3201811378716104,0.0,1.0,2248100
0.008852856478160863,8.024334558725625,0.0,1.0,485849
0.8286406290677624,-0.13095945716529886,0.0,1.0,2362518
0.9337526571426037,-1.2501782113588538,0.0,1.0,547712
0.363477376014723,-1.9091353287754826,0.0,1.0,2242251
0.6854235455593917,1.9872417855454838,0.0,1.0,667336
0.45174775591731586,1.3155357079946959,0.0,1.0,2362520
0.17332594706131588,-2.9861115494431814,0.0,1.0,2055302
0.7437667514447849,-1.6390807614354241,0.0,1.0,1973473
0.6996710935125026,-0.8069886287505218,0.0,1.0,2238752
0.9968377629339222,-1.1781331086682973,0.0,1.0,679112
0.6630391192318765,-1.9203895556639072,0.0,1.0,2337179
1.2140067791816032,-1.3297152807657133,0.0,1.0,581789
0.017255018018248938,3.662841589021347,0.0,1.0,571537
1.0593117738402993,-1.4112460240468434,0.0,1.0,2362519
0.9187821675452291,-1.3081855504358642,0.0,1.0,581430
0.9643587855842272,-0.5884013718487917,0.0,1.0,1927351
0.20371942046096564,-3.7463144315932366,0.0,1.0,581429
0.3363751987807518,0.6726796200242906,0.0,1.0,2042572
0.5109626665837737,0.7160323077607129,0.0,1.0,2068527
0.7339265627148939,0.9357898593363919,0.0,1.0,2286887
0.9571770143648767,-1.4806345979691264,0.0,1.0,1907959
0.6754442377499544,-0.2534938338822707,0.0,1.0,1982335
0.8184852668916769,1.6005589075622948,0.0,1.0,1982336
0.1938366319128653,-4.769792162069856,0.0,1.0,1188013
0.44778414835890223,1.1490320358192798,0.0,1.0,2380521
0.8919834951644456,-1.1430713424720025,0.0,1.0,2088344
0.8918704403518892,-0.8030213911389735,0.0,1.0,485848
0.4612209337266062,0.743959415581724,0.0,1.0,2042577
0.3288952129367512,-3.799056246072603,0.0,1.0,380924
1.5870468848589625,-0.2669951949860217,0.0,1.0,2366040
0.5580070026873659,-0.39974758582285347,0.0,1.0,2073120
0.19905541354575473,-2.3018129055494114,0.0,1.0,2073119
0.7248354877913267,-2.0874226077521794,0.0,1.0,2073118
0.7219040620903998,-1.6993014333517957,0.0,1.0,862709
0.6651672326732514,-0.9516158099434588,0.0,1.0,571534
0.2481384487588454,-1.800910614327943,0.0,1.0,2440029
0.6491714667757947,-0.5132667993338529,0.0,1.0,2375706
1.2444594647880496,-0.8277439516816466,0.0,1.0,2104709
0.8080408615482755,-1.5243291932276979,0.0,1.0,2042571
0.03950976489604003,-25.844009169491642,0.0,1.0,1982333
0.8812601303288903,0.5424207438001527,0.0,1.0,1982331
0.17952708443403353,-4.862813469208236,0.0,1.0,1368904
0.8783162509800049,-1.3827021195366103,0.0,1.0,2449593
0.7897060636902703,2.2321578246133953,0.0,1.0,330785
0.5829144512964745,-0.11816844053822573,0.0,1.0,3054887
0.25940544499712037,-1.4483546847818034,0.0,1.0,571536
0.3072807476820304,-4.1914908168686535,0.0,1.0,2042576
0.10249730952135723,-12.278345402588688,0.0,1.0,2290836
0.5513815839906262,1.180652866899135,0.0,1.0,2205306
0.5748291342890427,-1.8726642439412005,0.0,1.0,2310040
0.09593135171925214,-4.79525545150659,0.0,1.0,2205305
0.9795612995528568,-0.6425851286565856,0.0,1.0,2286889
0.9507619493238056,-0.09956355981939152,0.0,1.0,2366039
0.3469464158663113,-0.5106509504410934,0.0,1.0,571530
0.5759812539825327,0.31894899899947654,0.0,1.0,2366038
0.1727704477254827,-7.645773794552472,0.0,1.0,2278645
0.45669102248963755,3.516541906508922,0.0,1.0,2441238
1.0366883359438968,0.06954334601915885,0.0,1.0,1982329
0.8911446326172097,0.25501285312934735,0.0,1.0,949567
0.9340969362185887,1.3653458307042927,0.0,1.0,2223912
0.9718021010927461,1.325446575202791,0.0,1.0,2441239
0.8402019833495838,-1.0271074822258157,0.0,1.0,1949318
0.49784694647749883,-0.7255207854576717,0.0,1.0,2485957
0.9984307875303218,-0.1598163536862978,0.0,1.0,2205303
0.45210768157464876,-2.6507848392244737,0.0,1.0,1651267
1.0894497818287823,0.1698599745782701,0.0,1.0,2042574
1.0738990797134085,-1.4917031337286968,0.0,1.0,2278643
0.8788955512483585,-0.8433081937433249,0.0,1.0,2205302
0.757964140773205,-1.7565083692819918,0.0,1.0,649239
0.5474540919404287,-1.118113814802127,0.0,1.0,2285699
0.6496578949177881,0.7601895978483495,0.0,1.0,2289539
0.6597325072621864,-0.9576379866014545,0.0,1.0,2286884
0.6764686532437615,-0.7148995078228857,0.0,1.0,2455696
0.5792989286666526,0.2216701791052628,0.0,1.0,1982332
1.4164611855285418,-1.1648523278264211,0.0,1.0,3054874
0.9971295073671105,-0.5715955079832512,0.0,1.0,2289537
0.6202039826152241,-0.497561526684425,0.0,1.0,2354223
0.794429616260259,-0.6481055159891592,0.0,1.0,2205299
1.0391313338219725,-1.6913726353470975,0.0,1.0,2354224
0.6290873753962608,0.26175178274931415,0.0,1.0,2167423
1.2592452184996894,-1.386245107307366,0.0,1.0,2391860
0.7473035293260453,0.08531844692034841,0.0,1.0,2199448
0.6768809017244364,-2.2545266310569216,0.0,1.0,547519
1.0215174797575386,-0.3631422047777373,0.0,1.0,2286881
0.3893205344068732,-1.270162466499052,0.0,1.0,1953672
0.38539970576590404,-2.9315886672110456,0.0,1.0,2285696
1.0796636267588984,-0.3537588504169275,0.0,1.0,1839295
0.6275901036137437,2.0050864925642107,0.0,1.0,3054860
0.47732370890584674,-2.467385851276852,0.0,1.0,2467703
0.39255648471867144,-3.494492485438068,0.0,1.0,2286885
0.29552929830845914,-2.865992504369887,0.0,1.0,1228012
1.1044242347927964,-0.2526589304964033,0.0,1.0,2290154
0.750872856762188,-0.16096736649572246,0.0,1.0,2205309
0.2833949262376612,1.9055483423000732,0.0,1.0,2358396
1.1562452005684263,-0.9478975338245941,0.0,1.0,1958552
1.053066325159052,-0.9599245640179709,0.0,1.0,2463860
0.7790481275932756,-1.8404860010207489,0.0,1.0,2455687
0.7282965511986018,0.8234004527662245,0.0,1.0,2198183
0.8846338297087817,0.43431384629247727,0.0,1.0,1970589
0.8164934433429091,-1.2435786598000849,0.0,1.0,2445543
0.8801233386224228,0.08898891765489506,0.0,1.0,2512442
0.5624638779394423,1.7501620882900366,0.0,1.0,2520203
0.6053229832810321,-0.39501948844261486,0.0,1.0,1214296
1.2015021781949107,-1.157642312811199,0.0,1.0,1953674
0.8069984196369325,0.646460855473208,0.0,1.0,2520207
0.7413062178201865,-1.1570273580913426,0.0,1.0,1996154
0.4808375344813317,-0.8165579086654295,0.0,1.0,2220876
1.1051506277400247,-0.4700502899562404,0.0,1.0,2490133
0.5998392243496542,-1.6793756825637989,0.0,1.0,591988
0.0681232118745592,6.117500579081731,0.0,1.0,1227729
0.7323808875285626,-1.7168271028992113,0.0,1.0,1829832
1.2877586844626898,-0.4761629274253251,0.0,1.0,846794
0.40504701585583897,-1.2371938740360169,0.0,1.0,1958362
0.9696217028991323,0.4980688369130118,0.0,1.0,1624405
0.7141146527780641,-2.3926185415627415,0.0,1.0,1958550
0.2623387900614092,-2.8088288624056963,0.0,1.0,393572
0.8186169888791928,-0.22460391411602001,0.0,1.0,435170
0.6316971688380473,-2.104134609813298,0.0,1.0,1756155
0.3275418046600404,1.6165121112633039,0.0,1.0,571531
0.8093827028061996,1.1137506868872111,0.0,1.0,1954016
0.11338392752850746,-1.9979774089770093,0.0,1.0,1212297
0.47500655935830177,-2.267176489512927,0.0,1.0,1756154
0.4835904773266886,-1.8494310357139618,0.0,1.0,1969452
0.05583757725776806,-19.151639002732917,0.0,1.0,2460596
0.23238624607430766,1.0129213188447563,0.0,1.0,1368168
0.5389322925003552,-2.1065958045153397,0.0,1.0,2520204
0.7468008587574257,0.035376019119464655,0.0,1.0,2081232
0.35063798167820887,-2.6149460690252493,0.0,1.0,2331216
1.3944332558243921,-0.46582464845587307,0.0,1.0,355913
0.31786594690858055,-0.08554270654892131,0.0,1.0,2484685
1.0279342531472153,-0.3315255884126718,0.0,1.0,2220883
0.8413081814966522,-0.6016162438349708,0.0,1.0,2168777
0.5506963603803985,0.6592039862808323,0.0,1.0,2396911
0.5344262963238017,-2.7262093270983176,0.0,1.0,1958549
0.8106646303225032,0.8443213219154517,0.0,1.0,2238751
0.427111472264243,0.3668319416609636,0.0,1.0,2495386
0.9252383098637181,-1.0591213296451538,0.0,1.0,2515220
0.8600032670999812,-1.0081545589872618,0.0,1.0,2278644
1.0875031762593093,-1.1850056714344819,0.0,1.0,1136167
0.7670266211678859,-0.5576779338448208,0.0,1.0,1736222
0.6759485010922521,-1.2703002868472404,0.0,1.0,1198849
0.8047244052280282,1.421651164069202,0.0,1.0,1136165
0.5665631810352855,0.6363176268154697,0.0,1.0,1136164
0.48152708125995014,-0.09146345917530167,0.0,1.0,1958358
0.7267869634189934,1.605828432529105,0.0,1.0,2520187
0.4964109281707124,2.6191096167428167,0.0,1.0,2018111
0.5222187178396489,-2.62354305005718,0.0,1.0,297925
0.8689772445214116,0.14042599107724413,0.0,1.0,2520188
0.4154100267491829,-0.08974825673411925,0.0,1.0,2520190
1.1350499077704226,-0.8650686275447685,0.0,1.0,2197190
0.6984277496249092,-0.7026585507935676,0.0,1.0,2417442
1.016565895824455,-1.4692367769604708,0.0,1.0,1981134
0.33520235829368333,0.5562287012311528,0.0,1.0,1982367
0.18059894796777537,-5.426142921148183,0.0,1.0,1970590
0.6216536162589001,1.5158939110951801,0.0,1.0,1876893
0.3914796338804017,0.4118776792754338,0.0,1.0,1970591
0.6980129590488354,2.474814417081574,0.0,1.0,1981136
0.32737443813943207,-1.1251755781776163,0.0,1.0,1951573
0.8336378071566224,-1.3079083029192167,0.0,1.0,2520199
1.0643401122734246,-0.9654017814760971,0.0,1.0,649248
0.5440449055943847,0.334632268913313,0.0,1.0,1981133
0.943974807074189,-1.3261449273003514,0.0,1.0,1981128
0.7213727194412843,0.07140738900778766,0.0,1.0,1927352
0.6148735115680064,-1.285291861527771,0.0,1.0,348770
1.01572667015824,-0.28872583486975434,0.0,1.0,2238467
0.5904963854771131,-0.6142941455951609,0.0,1.0,1969126
0.6603689201296962,1.1927457816538802,0.0,1.0,1970588
0.6601644841166465,-0.683662078570772,0.0,1.0,2495388
1.3681429657754098,-0.5650169484754122,0.0,1.0,259279
1.1624535580875208,-1.4415861873061668,0.0,1.0,2417454
0.4403543964973304,0.3378001379428164,0.0,1.0,511911
0.9047908512506591,-0.28516521094251845,0.0,1.0,1967390
1.1497213306051874,-0.7914247289544486,0.0,1.0,392109
0.7526230140187834,-0.2731923561638913,0.0,1.0,392108
0.6431897810168805,-2.23894685428817,0.0,1.0,2202621
1.0053286343456218,-1.0017271789706235,0.0,1.0,2358395
0.9348466802533131,-1.088443948703939,0.0,1.0,2298376
0.5806006403621161,0.5919197255946982,0.0,1.0,1970592
0.6114054770767586,-0.4384824962537023,0.0,1.0,2018110
1.0246772543733325,-0.9006925539304,0.0,1.0,348764
0.9316425480260567,-0.03452135208650927,0.0,1.0,2305643
0.6464499892079082,-0.4483287140006261,0.0,1.0,2396921
0.1552880037073913,-1.9385971436255538,0.0,1.0,259282
1.1574271928673345,0.5522921531449448,0.0,1.0,369312
1.2070638935352713,-1.1833752451735613,0.0,1.0,2235730
0.2707786097476418,1.2998963441315121,0.0,1.0,1874738
0.8594253136359173,1.8003012317942884,0.0,1.0,2107612
0.568220972311841,-0.3930538757231775,0.0,1.0,393579
0.5654671050499016,-0.979620135069663,0.0,1.0,2353854
0.6106209797594133,1.892235136695626,0.0,1.0,2500737
0.8071531266864347,1.058726692035849,0.0,1.0,1874742
0.030957896624730655,-28.36762110771977,0.0,1.0,2298364
0.09852340085664897,-13.245121622042715,0.0,1.0,1981135
0.664108603551704,-0.3327786782100933,0.0,1.0,1981132
0.9062895720592097,-1.3571644837956038,0.0,1.0,300324
0.6174726860436129,0.8170343250237365,0.0,1.0,2417451
0.598899053727239,-1.003429470439642,0.0,1.0,244031
0.1566334172717247,0.7833648950847213,0.0,1.0,381799
1.022826735351768,-0.11408406040999422,0.0,1.0,2118404
0.7644991432257698,1.7169322548050379,0.0,1.0,2380515
0.14119326445688218,3.234151511025922,0.0,1.0,2516163
1.081672669843544,-0.9084675339224846,0.0,1.0,2520196
0.6293675681101109,0.2734661781348917,0.0,1.0,2363570
0.38553244244728874,2.9040905920571505,0.0,1.0,1951569
0.6996433057265053,-1.2351276379213094,0.0,1.0,2520189
0.7111950346569342,-1.9769973596747905,0.0,1.0,1134540
0.9798345976428943,-1.4672310708755696,0.0,1.0,2211835
0.13006517550819754,6.66721115661833,0.0,1.0,511910
0.7657686613531379,-0.7453081400794204,0.0,1.0,2303778
0.13425803450789256,8.422902152598766,0.0,1.0,2327909
0.05883448809139447,-20.403273681728788,0.0,1.0,369467
0.5652164341953495,-2.612136465588306,0.0,1.0,2386635
0.8212230594812365,-1.4169803314072351,0.0,1.0,2169405
0.09902190418727548,-10.717356834941198,0.0,1.0,1792259
0.8778217846277362,-1.1633509947666554,0.0,1.0,2562940
0.8447697780156495,-0.293560755530633,0.0,1.0,244030
0.8747476080761477,-1.3125703327285885,0.0,1.0,2278743
0.296733161804265,-2.6538279749427085,0.0,1.0,2386636
0.6614861891599786,3.3260314827120188,0.0,1.0,2231078
0.012966679237873324,89.28489435872861,0.0,1.0,330813
0.9079382714894758,-0.23336148463218975,0.0,1.0,2120314
0.39387453493039115,-3.7072755144871383,0.0,1.0,2294055
0.5760913806582004,-2.223538127750641,0.0,1.0,1989938
1.4659955372597864,-1.0067649349752785,0.0,1.0,932021
0.5560335985974401,3.8471668515608726,0.0,1.0,269441
0.16110060261041104,-8.438125020756027,0.0,1.0,1134539
0.12826070213929217,0.4255256037979519,0.0,1.0,1902090
1.2954860861908553,-1.0781917461196717,0.0,1.0,1967386
0.5774877704454184,-0.7805709379889267,0.0,1.0,1938816
1.3085685642347802,-1.4663857889044618,0.0,1.0,1897643
0.7609240761215682,-0.5042951317366965,0.0,1.0,2288482
1.449742442815884,-0.607335261122399,0.0,1.0,903157
0.3463694632094247,-3.9521477786881594,0.0,1.0,254712
0.5914584211336174,-0.8195920675670316,0.0,1.0,1953623
0.8688744844149547,0.8556638968596397,0.0,1.0,2520195
0.7789127158094328,0.2084394590817769,0.0,1.0,2363558
0.9118479932601292,-0.927716659937358,0.0,1.0,1302977
1.01996153297583,-0.9634326265916398,0.0,1.0,2187875
0.4720827795245042,3.9448531255337915,0.0,1.0,1986460
0.6098404591665717,1.6094102727914281,0.0,1.0,338559
0.168679898723874,10.347105098555565,0.0,1.0,2566576
0.5985985013754109,0.5764343775633087,0.0,1.0,1097756
1.2811173269174336,-0.5832184989214939,0.0,1.0,2278744
0.4363387454354547,1.2187184219702598,0.0,1.0,2220916
0.9308583206480509,0.8981969652281863,0.0,1.0,280801
1.103737491713703,-0.9336002230822923,0.0,1.0,330802
0.390237547637124,-1.0572713114036023,0.0,1.0,2078639
0.7545879957700354,-0.6415358636679114,0.0,1.0,932245
0.20978087973790036,-3.3196127433446296,0.0,1.0,103300
0.7332708538729525,1.7543657900919192,0.0,1.0,2238738
0.0005621189691736761,-75.00852318447197,0.0,1.0,255432
1.4265930316538193,-0.9283723927186147,0.0,1.0,1928097
0.5114574780547163,-1.065119614092666,0.0,1.0,2072564
0.6028463084421705,-1.354031181338454,0.0,1.0,269440
0.5163163914644916,-1.5505280128084755,0.0,1.0,2327885
0.49479520397828136,-2.816704988876958,0.0,1.0,280244
0.30266794510329714,1.0720369132387733,0.0,1.0,2373896
0.34944103778213886,0.007006090543112539,0.0,1.0,290839
0.536038673292375,1.4614061455573393,0.0,1.0,1941944
0.2782845070849942,-3.4194726781767697,0.0,1.0,348771
0.7511331550240051,0.3662074613680062,0.0,1.0,1937837
0.6814717051080025,-1.8986040281396408,0.0,1.0,1084380
0.6550946150215247,-2.2618907613780896,0.0,1.0,2288182
0.76114116467782,-1.4250689647923411,0.0,1.0,1188082
0.5943835720517883,0.22530972489826515,0.0,1.0,1967389
0.64837886115117,0.4458459800362548,0.0,1.0,1701625
0.9115737041932054,-0.866304391019748,0.0,1.0,440773
0.8350202156261625,-0.8658665471116526,0.0,1.0,2294045
0.5288736016312373,1.3751766124809282,0.0,1.0,2520202
1.0167306439228387,-0.9728141538153975,0.0,1.0,523119
0.6215308739309462,-0.892983679539007,0.0,1.0,1174362
0.49040236706951107,0.2297565608192885,0.0,1.0,34568
0.4679249615487401,0.16630416475834053,0.0,1.0,2417621
0.4152046737586566,-2.1734135555050664,0.0,1.0,2175827
0.013174943872370485,-50.34405021879265,0.0,1.0,2220868
0.5566958707107618,0.36954048058949135,0.0,1.0,1951213
1.0501724143619167,-0.31597469815302465,0.0,1.0,2520206
0.5138173864923651,-0.2235729419990884,0.0,1.0,2520080
0.5430899351662907,2.3852177867456423,0.0,1.0,1915432
0.7659246705454276,-0.46677324212303023,0.0,1.0,2220888
0.3401132683441955,-3.7907546241339367,0.0,1.0,1973263
0.46879610497011676,-1.7751534758307843,0.0,1.0,1795829
0.8761926995838493,-1.1072720208327869,0.0,1.0,1002891
1.2617706420543504,-0.6044791998971267,0.0,1.0,290841
1.1346716827421597,-1.1637161605329336,0.0,1.0,2523316
0.3418530821851963,1.9207109914499492,0.0,1.0,2521283
0.5947179483998691,0.948942732113665,0.0,1.0,2107608
0.8912146322468696,-1.4623670791213481,0.0,1.0,2510452
0.6875355268082465,1.9098519560241902,0.0,1.0,2166248
1.5291658393356649,-0.41376116146221215,0.0,1.0,2029313
0.6198367438725928,-1.6183568328406988,0.0,1.0,1833304
0.4094809278102036,0.11209258022810054,0.0,1.0,2178231
0.5838884256632186,-0.892460309540084,0.0,1.0,349949
0.19958221832373083,1.8161845246973924,0.0,1.0,2325131
0.24298239640133984,4.525262070035111,0.0,1.0,440774
1.3414350388257907,0.703692247185623,0.0,1.0,1286422
0.29825259515869534,-2.7974933502728465,0.0,1.0,323661
0.31985532286364976,-3.2752655169037785,0.0,1.0,103294
0.10620207935301508,-7.869735553846701,0.0,1.0,440772
1.081659707630851,-1.484037769652736,0.0,1.0,226938
0.6054311170392551,1.9553211672352897,0.0,1.0,2075432
1.0879492179508201,0.11897443677107972,0.0,1.0,2211834
1.097589775887259,-0.02125416336503163,0.0,1.0,2289897
1.2724403100257358,-1.2269299024116034,0.0,1.0,326354
0.7274324981193426,-0.09682859573002073,0.0,1.0,2294053
0.41635496923608034,-1.5482004287325668,0.0,1.0,2028750
0.24986307455544615,0.9714326699566822,0.0,1.0,1969535
0.6096052339606087,-0.6410306543826402,0.0,1.0,1227490
0.5107913893906852,1.2508530767312513,0.0,1.0,2067047
0.4283672050237168,-0.4622453256066679,0.0,1.0,1919167
0.42478317297636875,-1.255622961600542,0.0,1.0,2562912
0.8978454635959982,-0.5655633784354575,0.0,1.0,2352052
1.190899611085404,0.09912536000728596,0.0,1.0,2200035
0.8221616128770222,-1.718117977414897,0.0,1.0,201416
0.45499867989467147,1.7683941611713787,0.0,1.0,883976
0.24665020385508363,5.839520236970079,0.0,1.0,2449590
0.8207016281812417,0.6803656387812572,0.0,1.0,323662
0.18590458951460243,-7.104853507415505,0.0,1.0,2391439
0.9081717555056218,-0.7787585837851719,0.0,1.0,2272071
0.49952179825070764,-2.1964686393723007,0.0,1.0,2516160
0.3695712597457657,5.1219170772428555,0.0,1.0,1101244
0.005151822624406545,1.608642130754193,0.0,1.0,1843392
0.8807546965219196,-1.6019503322511472,0.0,1.0,2391433
0.8633284855338293,0.05038258399800355,0.0,1.0,1996057
0.27403332906997896,-0.5672741375124156,0.0,1.0,269444
0.6543008543357857,-1.538908390027985,0.0,1.0,1132371
1.0984800293354353,1.101042207064845,0.0,1.0,1285999
0.6098240992391903,1.6521055923820578,0.0,1.0,2294044
0.519304633264289,-0.5737688877650098,0.0,1.0,1838019
0.24299630123117402,-3.68677620845527,0.0,1.0,2178233
1.0141283922296123,-1.353428796000336,0.0,1.0,1700673
0.5095009886990115,-2.0026061736561758,0.0,1.0,101618
0.37728847742088917,1.6488015795602964,0.0,1.0,2505016
0.6176086723981655,1.02152546351198,0.0,1.0,590133
0.8683583534466179,0.08286161739503653,0.0,1.0,1037290
0.9615347590458948,-0.8322803454457168,0.0,1.0,1084379
0.24948058576711363,-3.729963161935845,0.0,1.0,2391426
0.7486853563492145,-0.20842955106943112,0.0,1.0,2458151
0.027894426914503008,-6.793300811059903,0.0,1.0,2308241
0.2141403704638532,1.5278449171375306,0.0,1.0,1749661
0.17620695365330669,-1.392468336124591,0.0,1.0,2521221
0.5760719127217546,-0.9098268631239611,0.0,1.0,385986
0.38286712285579505,-2.080317181975323,0.0,1.0,1230762
0.273920911101531,1.5454944942947608,0.0,1.0,330714
1.003690057899257,1.1689510507579275,0.0,1.0,2238537
1.0140781446332388,-0.1140364678741033,0.0,1.0,1997949
1.3258849657425695,-0.695906527060367,0.0,1.0,244029
0.6442987359279783,-0.18004297260159224,0.0,1.0,2505614
0.7616223996818958,1.5471312217342654,0.0,1.0,2280297
0.2625541667115897,2.60889270404615,0.0,1.0,2178232
0.32239780106276344,-3.04289850407685,0.0,1.0,880415
0.6408889357037854,-1.6624855650985746,0.0,1.0,2504282
1.101572247390837,0.24099255703852293,0.0,1.0,1637038
1.2238910812680306,-1.4384674809432847,0.0,1.0,1865987
1.2449774901298318,0.3480615309331474,0.0,1.0,1985683
1.6959200950301796,-1.1732721036165612,0.0,1.0,1825155
1.1243774702209162,-1.4818360373050348,0.0,1.0,821027
0.6327789934711916,-1.0704583988088083,0.0,1.0,919522
0.8715112457377567,-1.1969668176054116,0.0,1.0,48954
1.2676709709067717,0.48144339420988813,0.0,1.0,2072560
0.786525455198546,-1.0138791376870093,0.0,1.0,1688377
1.0275918590528998,-0.2936809029918767,0.0,1.0,1688373
0.3602107346025086,-0.9506142409324001,0.0,1.0,348757
0.644080911711709,-1.1799848517151499,0.0,1.0,348751
1.4181145856669868,-1.2816043766231893,0.0,1.0,1132372
0.7002299489620234,0.3656397420216606,0.0,1.0,1700666
1.1893718074031518,0.4711896736033596,0.0,1.0,989122
0.8556127172744417,-1.4946538190911647,0.0,1.0,1286416
1.0700884491647629,-0.9331187127538249,0.0,1.0,918227
0.20879757157089573,-3.283174506701231,0.0,1.0,308623
1.0909535339067549,-1.4208936602385827,0.0,1.0,2507476
0.768974384719252,-1.4837496912088854,0.0,1.0,2044779
0.4203367315868889,-3.1206758483232617,0.0,1.0,244028
0.3299931842277634,2.3239360968400713,0.0,1.0,201412
0.3355313546612941,-1.5365995537483823,0.0,1.0,152611
1.0140664339915864,0.9040688397453328,0.0,1.0,1619766
0.147275922868166,-6.783788476345337,0.0,1.0,1897937
0.9095700869258531,-1.5994348547041202,0.0,1.0,337170
0.6007856962650173,-1.489928000659005,0.0,1.0,963210
0.7586979217573562,-1.0240676449212531,0.0,1.0,880402
0.9043925760688564,0.20679075531512342,0.0,1.0,2034018
0.5826463663183463,0.587477552403532,0.0,1.0,1637040
0.5679247111435962,-1.5650907887251642,0.0,1.0,914817
1.1061167000147272,-1.1896415240660603,0.0,1.0,1085704
0.9960815311448763,0.03261637942384081,0.0,1.0,308621
0.3220378814179828,-2.1739546851114047,0.0,1.0,133219
1.0949698380917097,0.35982448570822567,0.0,1.0,1689611
1.394478371315194,-0.7086034983871043,0.0,1.0,338563
0.8856208903362789,0.025128928181211894,0.0,1.0,1844274
0.5792339487540696,-1.6851032800989454,0.0,1.0,1951572
0.44793195804083646,-2.307691197817422,0.0,1.0,2267800
0.7278495203931163,-1.2846837524223442,0.0,1.0,133223
0.5541427295654695,-2.6145652947189597,0.0,1.0,1786336
0.6130265235413667,0.05409949623300806,0.0,1.0,164278
1.04222882064512,-0.7557517995773249,0.0,1.0,2505606
0.637401232826649,-1.4105821951551667,0.0,1.0,1688374
0.15050094408823092,-0.7567992812550508,0.0,1.0,1078970
0.5625500373072928,-1.5998876211440025,0.0,1.0,269442
0.775433618956127,-0.28759295826486925,0.0,1.0,201385
0.3215694131319002,-1.4670501051189224,0.0,1.0,103304
1.559800295871405,-0.3659862266483427,0.0,1.0,1846637
0.7720595737764135,0.2429485842628096,0.0,1.0,2393713
0.31620819181724785,1.8816825166502171,0.0,1.0,86203
0.8847819777637344,0.12993992293672688,0.0,1.0,880414
0.40904566063586817,-1.796378170988481,0.0,1.0,1078966
0.32476910875197296,-2.7133055696372472,0.0,1.0,1286101
0.4884682332740212,0.8135723553353497,0.0,1.0,2030131
0.4082649271078514,-1.3966910259391272,0.0,1.0,2448623
0.9059018529290028,-0.9984495777441457,0.0,1.0,269443
0.3915158118193783,1.4301226604921757,0.0,1.0,1755909
0.5317373837251312,1.1337873852847686,0.0,1.0,1101243
0.3380116977638732,-0.8358391345370808,0.0,1.0,932020
0.12791920873695412,-5.245829174077361,0.0,1.0,2030135
0.5573991364544881,0.0347567627305897,0.0,1.0,292523
0.6639256610275975,-0.8597802528345964,0.0,1.0,1033436
1.0850633535711136,-1.0757794640563827,0.0,1.0,1113255
1.0689148855288466,-0.20836835277203655,0.0,1.0,1286418
0.8236756768760752,0.19718340268736123,0.0,1.0,260703
0.7413417508791786,1.9664904092156974,0.0,1.0,289523
0.8465265238064514,-1.178669995048829,0.0,1.0,201402
0.9656604972000985,-1.3826604438155898,0.0,1.0,337168
0.031880503918797445,-2.7109762158308675,0.0,1.0,326355
0.8414206066561093,-1.4409372945983698,0.0,1.0,1078962
1.3302824399708626,0.43946443592582285,0.0,1.0,880397
0.6462201364764033,-2.0326793859979433,0.0,1.0,2068461
1.0340457644828935,-1.105789799711685,0.0,1.0,2470769
1.1080365100980785,-1.3189392206133117,0.0,1.0,178123
0.22430135911077126,-1.4568601139290223,0.0,1.0,2308256
0.729820337695106,-1.5420894972981567,0.0,1.0,2044776
1.2387343641650312,-0.6362735687441561,0.0,1.0,260702
0.15741657373135798,-7.37929657845296,0.0,1.0,201428
0.5693479041403993,-2.239029216132513,0.0,1.0,2211561
1.04051068260273,-0.471619276502885,0.0,1.0,828594
0.5879257168062317,1.9619112137221366,0.0,1.0,255407
0.1452515031769466,-6.104117842257555,0.0,1.0,101620
0.590085858806361,-1.2768167397994765,0.0,1.0,2251117
0.9281951176635226,-0.12721847174294335,0.0,1.0,1026173
0.4378801602665712,-0.5342908446782683,0.0,1.0,101609
1.2259734794396342,-0.21651951268636752,0.0,1.0,2210563
0.49239023078110933,2.5093351146857583,0.0,1.0,1155513
0.5986245658068944,-1.8251816465511472,0.0,1.0,133663
0.8920567293392644,-1.729690507447229,0.0,1.0,2513806
0.939785486943015,-1.5580840837147332,0.0,1.0,152613
0.539481045616756,-1.1606693339220384,0.0,1.0,937300
0.7201368510411154,1.1803982807123063,0.0,1.0,1176699
1.2366595481061053,0.14330929350263125,0.0,1.0,1204690
0.8187810941681084,-1.887712790851789,0.0,1.0,2178860
0.8402965219947409,-0.1486066093193815,0.0,1.0,308622
0.6828351703688426,0.13744788925227314,0.0,1.0,1071275
0.9226488602620547,0.6807315955545477,0.0,1.0,932019
0.5053639157431642,-0.08340320445622124,0.0,1.0,1286002
0.9146080908082848,-0.5241406249633324,0.0,1.0,2210562
0.47738858450628036,-0.085263740806844,0.0,1.0,583906
0.13195498016725743,-3.9195404296461263,0.0,1.0,2513807
0.9555870501168574,0.04429612950664789,0.0,1.0,2506248
0.35287403023395275,4.183170353575121,0.0,1.0,1130914
0.7888355771304032,-1.5330463509558154,0.0,1.0,430658
0.47143685092395504,-0.2626565387732161,0.0,1.0,275260
0.7415363777209316,-0.36776878508028615,0.0,1.0,34561
0.4604996579653024,-0.24440121732688747,0.0,1.0,1101245
0.8662470154946817,-1.4077569356686443,0.0,1.0,1087865
0.6139145530676233,-0.1898897136468154,0.0,1.0,263242
0.3603214275044299,1.0169286841995813,0.0,1.0,1123352
0.6191915431510893,-1.8782102314136786,0.0,1.0,2505615
0.9856216941146806,-0.9886018660266869,0.0,1.0,766950
0.7976684873694184,0.14321536716774746,0.0,1.0,1070320
0.5347859030745015,-2.1395421137984387,0.0,1.0,2496178
0.35774231314535143,-1.4488055800713027,0.0,1.0,101621
0.6129813223905495,-0.41214224129757465,0.0,1.0,692704
0.2544318816864935,0.11463849074310631,0.0,1.0,740648
1.0194689943713586,-0.7083336017122652,0.0,1.0,2075385
0.6964819917811272,-1.2378147530071648,0.0,1.0,1861441
0.9910182218267195,-0.3450355351102366,0.0,1.0,2193639
0.574452343799266,-0.4415157608735127,0.0,1.0,1846293
0.4449309098177437,-2.940984865113681,0.0,1.0,1766712
0.5444066226878354,-2.4065198697047294,0.0,1.0,2101820
0.6680582297450662,1.7465373349337048,0.0,1.0,1026172
0.6293825370212103,-0.8646878505747113,0.0,1.0,969190
0.7973492015412464,0.1133366601527447,0.0,1.0,1755893
0.8100595922457057,0.18516207405894086,0.0,1.0,2505693
1.034866312637647,1.1739272939275425,0.0,1.0,2393711
0.7138180332676349,-1.6843546257256734,0.0,1.0,1177213
0.8252185190940262,-0.27595194833765735,0.0,1.0,280864
0.545813401654952,-0.9149782876251651,0.0,1.0,2540562
0.8476003949460342,-0.12226657657129994,0.0,1.0,495644
0.20586285562658696,-6.213383827284077,0.0,1.0,152618
0.49211033284307987,-2.6815755121035845,0.0,1.0,1198201
0.44161251284957515,-2.032448458434854,0.0,1.0,1151004
0.586135096631565,-0.8665455710244631,0.0,1.0,880396
0.3268184428765648,4.994187770175344,0.0,1.0,44443
0.4126675662554698,-0.040989776795937176,0.0,1.0,692691
0.5428794072765528,-2.2301117038696314,0.0,1.0,1919778
0.6319495448146117,0.1588529218165291,0.0,1.0,2480277
0.7019152925140835,0.053465999714026435,0.0,1.0,843227
1.0346365788160148,-0.5594676326958694,0.0,1.0,1861475
0.1844245789605328,-2.7920638593423317,0.0,1.0,2470768
0.17691443821079397,-5.304330379879809,0.0,1.0,1155510
0.11590028422950063,-4.62763312756477,0.0,1.0,1152824
0.7463966993015335,2.575767672863294,0.0,1.0,1155516
0.7922144724248502,-0.3075990381485808,0.0,1.0,2342592
0.6999599779652871,0.7601081196542313,0.0,1.0,1829377
0.23721134382878437,0.7005951508645017,0.0,1.0,2347738
0.9881822868252716,-0.5331053194034098,0.0,1.0,873206
1.1483339950400344,-1.1854197493210825,0.0,1.0,1911352
0.5406420442819635,0.8604949772795101,0.0,1.0,996189
1.4571548364180835,-1.39024662685186,0.0,1.0,987049
0.044667917913137886,-14.49877553172229,0.0,1.0,888288
1.1174349983685774,-1.2676257212652753,0.0,1.0,152610
1.0613948957262829,0.9176492148921614,0.0,1.0,880390
0.7763627033716043,-1.4686897412478894,0.0,1.0,201386
0.445698935304267,-2.6798260562475154,0.0,1.0,1232327
0.4313276600282242,2.4382057739568617,0.0,1.0,838843
0.6468106627489549,-0.8988198130518872,0.0,1.0,2506250
1.1821297115103604,-0.6369542559168178,0.0,1.0,2451490
0.4396979288058467,-1.6975991993130117,0.0,1.0,1286417
0.7703809596366112,-0.7565453582973319,0.0,1.0,440017
0.8899663321581984,-0.2751281239421274,0.0,1.0,1689691
0.7066402642914968,-0.21169214199683262,0.0,1.0,34574
0.3441693110893712,-2.1736477756970154,0.0,1.0,1257156
0.5944927574383587,0.4057949915016511,0.0,1.0,838842
0.3594239124574336,1.245698907714061,0.0,1.0,880392
1.1830832763166754,-0.42441157934611795,0.0,1.0,34570
0.11013781400205383,-1.2792938351866547,0.0,1.0,609196
0.6111436991653261,1.5431395013395126,0.0,1.0,1755903
1.139409080367193,-1.3638386042667283,0.0,1.0,110720
0.2742600843917485,2.9301036220393635,0.0,1.0,2028761
0.9422871300168988,-1.7316182807087865,0.0,1.0,1067696
0.7585080498442852,-0.7620838234780355,0.0,1.0,880412
0.827340620989893,-1.8915163835208213,0.0,1.0,2494207
0.6539646661238464,0.9329730719133015,0.0,1.0,830177
0.9806615139841302,-0.6295336105778354,0.0,1.0,932595
0.29724978475589336,3.7855553833230746,0.0,1.0,987051
1.7979397942398774,-0.6879645567719536,0.0,1.0,764424
1.5621908635586268,0.4881593383218068,0.0,1.0,880403
0.2992756363541243,-1.1154462759900587,0.0,1.0,2428387
0.6917632715001434,0.011717061029211117,0.0,1.0,307503
0.8757653576547962,-0.8712605544044291,0.0,1.0,1688882
0.47457947484226554,-0.23168488009390928,0.0,1.0,2409037
0.467558503372517,-2.4140954559381425,0.0,1.0,852871
0.40428939822697063,-2.611718358088029,0.0,1.0,2212704
0.4523809589575414,0.29134006790392153,0.0,1.0,2506243
0.38946710300356,1.940784157095231,0.0,1.0,1105528
0.2585247660486999,-1.490039516568674,0.0,1.0,354883
0.5347803703247783,-2.033134861783637,0.0,1.0,1150479
0.8803683281802087,-1.5742979410297955,0.0,1.0,951705
0.7425565230299195,-0.5054358344078462,0.0,1.0,1093590
0.8779750163774478,-0.20999889758895532,0.0,1.0,950249
0.2722547712346521,-1.2200903738064763,0.0,1.0,951706
1.0111206194228965,-0.9089677933054084,0.0,1.0,821028
0.6863607997868898,0.0427213542617665,0.0,1.0,630494
0.349287554912163,-2.0386575786586683,0.0,1.0,1930251
0.8582488133277618,0.9433340194157993,0.0,1.0,2470788
0.15515639461233152,-3.7529978012459093,0.0,1.0,1067676
0.7957145100965718,0.1612378637552626,0.0,1.0,755937
0.6624166417674109,-0.20957141358083795,0.0,1.0,1155519
0.3577227910847979,1.9463389145920078,0.0,1.0,1914959
0.3019464306615269,-3.3035148250729613,0.0,1.0,597020
1.2264153619713554,-1.1987960935926012,0.0,1.0,2506247
0.6224161551742861,2.7873069071552945,0.0,1.0,621549
0.49494576698555404,-2.6323413185461972,0.0,1.0,2470766
0.43744035675614856,-0.5619051284358473,0.0,1.0,880399
0.4741944563592805,0.9525170607546195,0.0,1.0,2470764
0.8005332787987426,-1.8112204648111374,0.0,1.0,2427930
0.7032988095025572,-1.2957316309625484,0.0,1.0,987048
0.6349586161194574,-0.16293493963418695,0.0,1.0,753162
0.15522605810405873,-3.3401506551622284,0.0,1.0,933891
0.9629919326248494,-0.6530866543016425,0.0,1.0,2373328
0.6268891612515632,1.4568293888554018,0.0,1.0,2472087
0.3029210494497937,-3.2992848219260416,0.0,1.0,830160
0.676106823440582,-1.254765689477718,0.0,1.0,977711
0.7292813622093555,-0.8331886047858553,0.0,1.0,2002693
0.6460399390287487,-0.13639799099797648,0.0,1.0,977713
1.2631881282920907,-0.6519315575217949,0.0,1.0,805611
0.2739466956175736,5.468453193532692,0.0,1.0,905350
0.6293103778557155,-0.9510546475860195,0.0,1.0,2542750
0.09013582384121888,8.408136436250604,0.0,1.0,757743
0.723418730382183,-0.8930959239407632,0.0,1.0,2465637
0.6902943106708044,0.9259060696272043,0.0,1.0,838841
0.6272931388266553,0.8005126769480575,0.0,1.0,1861476
1.3895207552715336,-1.4245550669083509,0.0,1.0,1152823
0.548418693730306,1.8128254323704691,0.0,1.0,629803
0.5919595135089646,0.31003309809201274,0.0,1.0,977710
1.0302586410412802,-1.010118064786583,0.0,1.0,2506246
0.7903800730577646,-1.3346845880784346,0.0,1.0,461767
0.7400838606465586,-0.40334975939005885,0.0,1.0,2009088
0.3603182810317761,-2.7420643924520163,0.0,1.0,2402814
0.8458682132782712,-1.1761999617347936,0.0,1.0,2546613
0.44441245732465073,4.01568556831023,0.0,1.0,2470777
1.0142331357623005,-0.5145420302268975,0.0,1.0,922936
1.3143605062112569,-0.11906043489344084,0.0,1.0,430662
1.4618674530064013,-0.3830747322141792,0.0,1.0,2437392
1.1300799105624009,-0.11726998038054814,0.0,1.0,930920
0.8861182035164076,-0.8772329244184262,0.0,1.0,167333
1.0638880145922878,-1.722479341678211,0.0,1.0,1028634
0.8676859880413911,-0.49045997042529627,0.0,1.0,1888626
0.2560720794351236,0.5177193507418305,0.0,1.0,2409029
0.5004188014061689,0.6491295025446036,0.0,1.0,933890
0.4934317199937819,-0.3865720622737038,0.0,1.0,757744
0.7619219109847768,-0.7784899604678116,0.0,1.0,597030
0.7242464937734563,-0.2755975151626292,0.0,1.0,1138115
0.6657341384937248,0.5109624104257224,0.0,1.0,1011341
0.6308959293280336,-0.6601281383513719,0.0,1.0,629810
0.7645875686886521,0.5414200064196143,0.0,1.0,2427580
0.09525361781276705,-6.012649626121799,0.0,1.0,986811
0.2962399492153511,-0.5873599562714473,0.0,1.0,321749
0.08025833487760614,-6.472384728873753,0.0,1.0,1155515
0.12087224690724686,-2.7717175536365,0.0,1.0,1914567
0.6046676745752253,-0.5892428172079387,0.0,1.0,808911
0.6618717746651644,-1.81234310496606,0.0,1.0,2568606
1.0108929614960263,-0.9210756025773911,0.0,1.0,466896
0.9260327048930715,-0.3285581778110478,0.0,1.0,1064471
0.6002107158608022,-1.3268954466661431,0.0,1.0,1011344
0.0003798272812262786,1825.0185036395644,0.0,1.0,556045
0.7054062996074758,1.4274673174019274,0.0,1.0,1028611
0.21947588129080653,-3.950169431740126,0.0,1.0,671605
1.5106168960570205,-0.47438219246377594,0.0,1.0,2168965
0.6223883605168982,-1.0115591250796754,0.0,1.0,408220
0.40702228617940045,0.3424192961742842,0.0,1.0,362820
0.6287155882914714,-0.17441600153413464,0.0,1.0,461766
0.6589030259849827,3.108315832806416,0.0,1.0,794750
0.608665290624661,0.5240463071073101,0.0,1.0,408208
1.3219195251356637,-0.10336366615024435,0.0,1.0,2355253
0.1457135395039858,1.177034954741468,0.0,1.0,2470787
1.0597476044118022,-0.8242269946100023,0.0,1.0,967551
0.7289316238993694,-1.0947448687953818,0.0,1.0,2546601
1.1226065977633233,-1.2598517202026702,0.0,1.0,630492
0.4770342616308608,1.3440918034159723,0.0,1.0,2506244
0.4009121901418726,-0.37278281738044555,0.0,1.0,2427433
0.33547480229954607,0.6911521952730915,0.0,1.0,2002692
0.18251003639448907,3.6119421167888457,0.0,1.0,431620
0.46016251884303416,-2.759570250521331,0.0,1.0,671607
1.3450233263516296,-1.2393758123385803,0.0,1.0,1029958
0.3426569873072333,4.552377746441002,0.0,1.0,2470771
0.30258912117478165,-0.05757964511059139,0.0,1.0,3028274
0.3644528677658602,0.4159311895934189,0.0,1.0,630489
0.09360345670725431,-11.374736283424252,0.0,1.0,597018
0.814754279843583,-1.6768757669032193,0.0,1.0,1904427
0.7142435151277988,-0.1555523374575757,0.0,1.0,1638001
1.4650961539367184,-1.2648678358121221,0.0,1.0,671609
0.29489812201219645,-4.121422590681147,0.0,1.0,898320
0.5882578970737382,1.679273737733586,0.0,1.0,1150482
1.629527995094043,-0.9415659186433805,0.0,1.0,778864
0.5065992938313075,1.00450004531305,0.0,1.0,481210
1.1344131856685422,-1.5647137217614528,0.0,1.0,3007388
1.196817275602287,-0.32147837476911767,0.0,1.0,597017
0.6121400624500621,-0.41744644515027635,0.0,1.0,2154071
1.0135191317401866,-0.9396361326154492,0.0,1.0,106645
0.6218867477187586,0.7522821789540394,0.0,1.0,515382
0.6690701249627303,0.40249066532899413,0.0,1.0,2408274
0.9806784616133947,-0.732569958383873,0.0,1.0,1146437
0.29500908808550624,5.728442774983039,0.0,1.0,460814
0.7350474927654722,-1.9899893001385827,0.0,1.0,2486825
1.0222153012471111,-0.596263452989822,0.0,1.0,1232038
0.5698157278534701,-2.135428756399673,0.0,1.0,1858712
0.913496400060205,-0.018941627060919265,0.0,1.0,2473212
0.4122976573117904,-2.338352721388926,0.0,1.0,975564
1.2345589175737723,-0.2606195817168751,0.0,1.0,2569962
0.45526757011588587,-0.7527749436973171,0.0,1.0,1681691
0.19261597345380382,-2.4281279965491356,0.0,1.0,3049713
0.630290978292069,-1.4376308324982625,0.0,1.0,1096353
1.3034986743580323,-0.7971029653290296,0.0,1.0,621550
0.6788411047899732,0.7036195331434841,0.0,1.0,2529922
0.6410086953847841,-1.081208979920412,0.0,1.0,597023
0.36311687591722513,-2.179709441397037,0.0,1.0,235390
0.5270240008365294,-0.7618345208602959,0.0,1.0,2513525
0.11797928979797137,-9.017102608389573,0.0,1.0,1010192
0.7459165977599717,-0.7874248778202187,0.0,1.0,1105531
0.3362076369240972,-0.05066495368817638,0.0,1.0,2061293
0.7660545600391788,-1.4931236284259595,0.0,1.0,757746
0.7356600952991,-1.0260480934663518,0.0,1.0,757742
0.4369897426696127,0.8574222182915128,0.0,1.0,408213
0.9263805568348329,0.6260112708625645,0.0,1.0,764425
0.38818911823954255,-2.031712282353613,0.0,1.0,2421934
0.3960156240327573,-1.6955260498492277,0.0,1.0,1010190
0.23162580965786736,-2.127991774924402,0.0,1.0,1189385
1.03874524419569,-0.7496746125031922,0.0,1.0,3007406
0.434310216650768,-2.307102740083872,0.0,1.0,768951
0.2397622331370947,3.3864845995683903,0.0,1.0,806957
1.7921323447619009,-0.9797820029955183,0.0,1.0,1313376
0.6023463952901676,3.3998442211444626,0.0,1.0,1914960
0.8242453735116887,-0.7588134888012577,0.0,1.0,2447123
1.1574042706189924,-1.22072004023855,0.0,1.0,612435
0.8808525868191126,-1.794869570443272,0.0,1.0,3040527
0.6030713715180496,-1.8405881244964821,0.0,1.0,986810
0.3995467778838917,1.0284680322073214,0.0,1.0,2492871
0.7947774276691941,1.5605782173437137,0.0,1.0,1848247
0.8131796557772784,-0.25909370034353135,0.0,1.0,425597
0.7169837189766334,0.0860736603107125,0.0,1.0,762346
0.7347598291206097,-1.5839185997115985,0.0,1.0,1843437
0.4659980547574316,-1.803473890193429,0.0,1.0,1022222
0.5154293065865114,1.0252138541493603,0.0,1.0,2470772
0.850342817513793,-0.7049431838704907,0.0,1.0,2459715
1.0332637927389328,-0.7697423339042102,0.0,1.0,424281
0.3641606143288652,-2.751208225184761,0.0,1.0,2451483
1.1912158938680801,0.65666466969199,0.0,1.0,1626744
0.48499986018320507,-0.42043993500528404,0.0,1.0,2499309
0.7472794253146174,-0.04131839740463955,0.0,1.0,431169
0.7235460598272561,0.7485209322089745,0.0,1.0,2246193
0.9077058239840862,0.23548292218129152,0.0,1.0,439450
0.8089172285971289,0.23608490033978816,0.0,1.0,2506245
0.7999537563668738,-0.04943025976426389,0.0,1.0,1095805
1.7226702764011512,-0.26129325806801906,0.0,1.0,825864
1.4077789355466361,0.7292189159699125,0.0,1.0,1195366
0.6866616906651355,-0.38463403828179554,0.0,1.0,2427437
0.6323053096203252,1.376857810018729,0.0,1.0,2233778
0.07799493313982632,-14.15652622244684,0.0,1.0,3059994
0.4191003961837254,0.577336622427387,0.0,1.0,1909119
0.8233473194614023,1.097118875854671,0.0,1.0,801164
0.5382824004053863,-2.1859192492084425,0.0,1.0,980648
0.7778774616076535,-0.3319410547041313,0.0,1.0,845237
1.1233550204781417,-0.8645009283987795,0.0,1.0,1151638
0.9432686637605707,0.9511760933752699,0.0,1.0,447230
0.8682823241212996,0.41583550436814104,0.0,1.0,189404
0.6641388503093771,-1.3315878732287432,0.0,1.0,534129
0.9991804080359006,-0.9897398982932074,0.0,1.0,354171
0.5936366697804318,-0.2162161247189418,0.0,1.0,356773
0.814770380595599,0.2567116982637676,0.0,1.0,297334
0.6097658835688683,-1.097297878375655,0.0,1.0,873246
0.7671579543049307,-0.49056396523095963,0.0,1.0,2039515
0.008750548763951172,-77.13142813556613,0.0,1.0,2543780
0.4628938063170893,-1.2280104726445535,0.0,1.0,720373
0.29332720200016515,1.5426033416527767,0.0,1.0,1829426
1.1995678697332373,-0.3317055069971191,0.0,1.0,182545
0.6991222553009893,-1.2693034646430073,0.0,1.0,433212
0.024638230749732502,35.75884196615049,0.0,1.0,2570901
0.5282842092701344,1.4236903981308295,0.0,1.0,3007398
1.2214792585317535,-0.29690502494722026,0.0,1.0,786938
1.3170821919924225,-0.41339453822035077,0.0,1.0,439479
1.3012875822682646,-1.1249943405146259,0.0,1.0,630474
0.5283412262400777,0.02796252060269493,0.0,1.0,853179
0.31134407434598654,-2.970275015320082,0.0,1.0,1771555
0.9471550798296423,0.1472988868425867,0.0,1.0,234082
1.25863768205447,-0.8476752826846742,0.0,1.0,805610
0.5572608851747707,-1.488013361706873,0.0,1.0,843365
